,sentiment_score,return,volume,volatility_10d
sentiment_score,1.0,0.12866837512869606,-0.2155878271672846,-0.17069323749570575
return,0.12866837512869606,1.0,-0.3749341503447176,0.23191616936251513
volume,-0.2155878271672846,-0.3749341503447176,1.0,-0.17307920533988966
volatility_10d,-0.17069323749570575,0.23191616936251513,-0.17307920533988966,1.0
