,sentiment_score,return,volume,volatility_10d
sentiment_score,1.0,0.4423085716474468,0.03288521740808367,0.05546070511923776
return,0.4423085716474468,1.0,-0.37760607110088684,0.11242812950273534
volume,0.03288521740808367,-0.37760607110088684,1.0,0.1544324548756666
volatility_10d,0.05546070511923776,0.11242812950273534,0.1544324548756666,1.0
