,sentiment_score,return,volume,volatility_10d
sentiment_score,1.0,0.13814871898625308,-0.17103671748956417,0.09895000829236836
return,0.13814871898625308,1.0,-0.3107493891178932,0.16778326241981337
volume,-0.17103671748956417,-0.3107493891178932,1.0,-0.03536280892867025
volatility_10d,0.09895000829236836,0.16778326241981337,-0.03536280892867025,1.0
