,sentiment_score,return,volume,volatility_10d
sentiment_score,1.0,-0.21458214910797502,-0.18740635908259806,0.16786497316883275
return,-0.21458214910797502,1.0,0.28070771091695457,-0.11082565913448474
volume,-0.18740635908259806,0.28070771091695457,1.0,0.43743436989659257
volatility_10d,0.16786497316883275,-0.11082565913448474,0.43743436989659257,1.0
