,sentiment_score,return,volume,volatility_10d
sentiment_score,1.0,0.05045540023771506,0.13174329262444742,-0.01893302244853901
return,0.05045540023771506,1.0,0.12237115599326696,-0.010031238295264991
volume,0.13174329262444742,0.12237115599326696,1.0,0.06958973408603461
volatility_10d,-0.01893302244853901,-0.010031238295264991,0.06958973408603461,1.0
