,sentiment_score,return,volume,volatility_10d
sentiment_score,1.0,0.2970130547796495,0.30573263661788763,-0.09206826997192404
return,0.2970130547796495,1.0,-0.003705040300020811,-0.05398569799559402
volume,0.30573263661788763,-0.003705040300020811,1.0,-0.32181041172659497
volatility_10d,-0.09206826997192404,-0.05398569799559402,-0.32181041172659497,1.0
